Trip_ID,Payment_Type,Discount,Final_Amount
100000,Cash,44.37,194.53263724665112
100001,Cash,20.64,86.37682717997717
100002,Wallet,17.2,429.7945799004497
100003,Wallet,25.31,180.3961155850698
100004,Cash,3.07,253.78532532959514
100005,Cash,7.71,201.02358041529394
100006,Cash,10.98,43.12968299021678
100007,Wallet,40.83,169.2653782228653
100008,Wallet,36.69,-10.541758820317668
100009,Cash,9.67,170.29955332180586
100010,Wallet,13.84,83.58129142193762
100011,Wallet,47.21,283.4111882810554
100012,Wallet,4.29,483.902152107958
100013,Wallet,27.37,174.03063743552312
100014,Cash,26.1,299.37392227147103
100015,Cash,36.29,193.42685536966565
100016,Wallet,13.07,174.72537282583733
100017,Cash,46.74,244.842331559321
100018,Cash,20.53,438.2993530929666
100019,Cash,14.29,259.3158172778911
100020,Card,16.84,101.4864563342316
100021,Cash,17.44,216.31998957014355
100022,Cash,9.95,103.10544671285848
100023,Wallet,46.4,99.79365977913523
100024,Wallet,8.74,164.1263180149224
100025,Card,44.14,280.3581535991167
100026,Card,20.25,389.4157038519905
100027,Cash,13.46,145.83868259685744
100028,Cash,9.93,23.00152086703305
100029,Wallet,25.22,345.16389817795584
100030,Cash,33.46,81.19137272256185
100031,Cash,44.91,196.78216866394553
100032,Cash,32.62,-2.9154451162644577
100033,Cash,24.18,155.98455952997858
100034,Cash,1.67,460.1021955738618
100035,Cash,45.77,6.401430217456316
100036,Cash,45.12,137.625848961899
100037,Cash,18.94,88.47391873036743
100038,Wallet,1.45,278.83131019676887
100039,Card,36.67,322.1374369034523
100040,Cash,39.58,66.38791451490287
100041,Wallet,27.12,42.80794429807372
100042,Cash,20.14,263.7960367087508
100043,Cash,42.56,110.51935817328712
100044,Card,9.63,262.26910819012835
100045,Wallet,21.98,17.835089194122997
100046,Cash,1.22,57.92089168370507
100047,Card,8.2,346.088062674348
100048,Card,47.04,91.80895292395724
100049,Cash,28.9,266.7172124161751
100050,Cash,40.28,-0.5935450616528826
100051,Wallet,24.33,64.72772104595029
100052,Wallet,41.74,406.3927799852623
100053,Cash,26.95,184.29658479193705
100054,Cash,0.23,354.44246878646965
100055,Card,44.98,66.36752914196194
100056,Wallet,7.43,247.72059225915248
100057,Cash,22.53,303.55391583026915
100058,Cash,23.83,139.92105829980864
100059,Wallet,2.36,346.54719288390754
100060,Cash,2.65,253.7735270460195
100061,Card,38.13,153.2831778659267
100062,Card,15.02,234.85026164713264
100063,Cash,20.48,248.5283506409506
100064,Wallet,28.21,68.71016774337551
100065,Card,18.67,185.76197742716
100066,Wallet,38.75,133.47032579042764
100067,Wallet,44.22,139.51246753025507
100068,Wallet,2.99,349.4562622936392
100069,Card,31.77,175.7497007475838
100070,Card,15.88,318.6509683965805
100071,Cash,29.16,73.14870657326463
100072,Wallet,24.2,169.48433225301977
100073,Card,16.68,330.21513735753797
100074,Card,4.74,294.0375458349326
100075,Cash,27.97,192.1860355988464
100076,Card,5.64,39.70599762424318
100077,Card,7.81,143.70761867847418
100078,Card,49.11,51.75788911280158
100079,Cash,15.84,457.7250902199624
100080,Cash,29.22,97.10454893427816
100081,Wallet,13.61,376.19720560872867
100082,Card,43.28,274.1347552324179
100083,Cash,14.17,142.0155352850921
100084,Cash,18.34,267.0408753974618
100085,Cash,30.42,309.988901789667
100086,Wallet,43.5,281.0384243510259
100087,Wallet,40.81,67.8707567443791
100088,Wallet,13.19,176.11991951655872
100089,Wallet,41.48,86.32080948297187
100090,Wallet,35.06,-2.6408297122589843
100091,Card,49.49,150.77096777839165
100092,Card,46.77,268.37779638864515
100093,Cash,26.66,192.6019071456367
100094,Wallet,37.5,284.87115249860454
100095,Wallet,28.51,222.10348534849814
100096,Cash,29.75,178.9004412841369
100097,Card,5.08,74.50722356736716
100098,Wallet,0.11,270.17337312634737
100099,Wallet,2.41,439.7630763881558
100100,Wallet,48.33,298.7433089246358
100101,Card,6.31,34.508782039114514
100102,Card,2.22,109.34761271738539
100103,Wallet,15.48,47.2479046849967
100104,Wallet,29.41,174.57580049682483
100105,Cash,47.42,284.03481117115297
100106,Cash,34.99,53.64210654891861
100107,Card,13.82,296.58215607198247
100108,Cash,46.95,233.2662017619188
100109,Wallet,1.8,289.82749731256996
100110,Card,48.95,251.76744462563715
100111,Cash,2.93,65.30628139889997
100112,Card,37.69,269.1486761993086
100113,Wallet,2.26,79.37772671436576
100114,Cash,46.58,91.77225891957987
100115,Cash,5.43,436.47290163471797
100116,Cash,2.52,331.18550023248713
100117,Wallet,44.46,144.82149033505186
100118,Card,4.79,199.66326928847357
100119,Cash,39.9,333.11325893993524
100120,Card,37.35,351.0405206896038
100121,Card,29.94,54.09726599308259
100122,Card,18.9,320.3397843114833
100123,Wallet,45.78,164.13589586990315
100124,Wallet,43.55,114.71382929401541
100125,Cash,21.31,175.48548188595595
100126,Cash,11.59,181.12146657851702
100127,Card,13.63,479.54167128624664
100128,Card,11.02,265.97535124896996
100129,Card,27.06,348.5745921474901
100130,Wallet,43.43,34.96081845891295
100131,Wallet,38.68,315.34892558929084
100132,Cash,39.78,230.26707648193818
100133,Card,22.41,217.63846623881315
100134,Card,16.12,204.0216737785524
100135,Wallet,37.87,214.75843380519908
100136,Cash,39.66,375.4063400186143
100137,Card,34.77,274.1640397608798
100138,Card,1.61,56.03182795029051
100139,Cash,29.48,317.8688311529178
100140,Card,17.35,194.95724459831345
100141,Wallet,9.81,96.31855729071425
100142,Cash,34.72,272.35908314738424
100143,Card,13.43,227.73925814191466
100144,Card,45.64,377.0876087716241
100145,Wallet,14.9,148.5792642505319
100146,Wallet,27.76,6.281787665039001
100147,Wallet,41.39,139.82273454790231
100148,Card,20.11,35.521334748773405
100149,Card,41.43,248.76505687998275
100150,Card,36.18,84.45958141391151
100151,Cash,46.04,201.60847606278668
100152,Wallet,16.29,54.3861636299604
100153,Cash,5.25,149.35926073094078
100154,Wallet,21.52,250.58601342881136
100155,Card,39.29,65.67579617815704
100156,Cash,22.52,303.6056402674817
100157,Cash,13.1,297.67204625967696
100158,Wallet,1.38,346.49067838344143
100159,Cash,15.65,281.7838561126298
100160,Cash,35.67,17.99900685432842
100161,Card,7.38,127.25402903568633
100162,Wallet,17.04,385.9515849231422
100163,Cash,1.01,234.86802137976184
100164,Card,36.09,210.4986324837849
100165,Cash,44.03,315.0109122491424
100166,Card,28.43,176.76952003489114
100167,Cash,1.29,48.85082654846091
100168,Card,10.88,266.98123622309373
100169,Card,21.92,200.48817618311648
100170,Wallet,29.38,154.6698631373892
100171,Card,24.81,297.96527057941114
100172,Cash,45.79,88.49870222907074
100173,Card,46.93,70.27353192092463
100174,Card,5.36,373.0140534569667
100175,Cash,6.92,296.1260739935483
100176,Cash,17.9,247.32548860310342
100177,Card,21.06,43.348567887621456
100178,Cash,29.3,78.84731831274294
100179,Card,38.66,167.22760029772633
100180,Card,6.79,167.17925060733015
100181,Card,40.13,224.71555681009983
100182,Cash,30.5,465.22169329668213
100183,Wallet,49.04,342.18707009740604
100184,Wallet,32.56,139.48201782064956
100185,Card,35.8,220.63767688719065
100186,Card,9.76,161.2491551421888
100187,Cash,38.44,66.37406391016405
100188,Wallet,3.96,29.64531542875463
100189,Wallet,32.83,149.71800071559915
100190,Wallet,2.78,436.9296814438922
100191,Cash,5.76,131.36816749142216
100192,Cash,5.39,119.26458424254837
100193,Cash,2.62,481.28803301900774
100194,Card,16.06,29.928062568729278
100195,Cash,49.72,263.27380793663644
100196,Card,17.41,139.51345095813738
100197,Card,38.04,10.38703719383993
100198,Card,6.62,415.21079634723645
100199,Card,22.72,80.33177010069876
100200,Cash,9.26,166.92903676448748
100201,Cash,9.6,112.98267143192639
100202,Wallet,4.98,41.2714500876413
100203,Wallet,21.6,19.08905417922113
100204,Card,3.78,57.36542045220621
100205,Wallet,45.49,15.78371522445687
100206,Wallet,22.4,225.4117179548625
100207,Wallet,41.93,200.83823357137055
100208,Card,48.97,127.35804825541578
100209,Wallet,33.89,129.11774523434224
100210,Cash,45.08,288.25301953215865
100211,Card,6.77,397.9324957273036
100212,Cash,41.5,304.886883736452
100213,Card,13.56,430.28213538859734
100214,Cash,23.63,156.01587214883796
100215,Wallet,32.33,186.23037274498245
100216,Card,45.18,230.25221719415714
100217,Cash,45.55,281.6682791776255
100218,Card,4.61,244.0583910255337
100219,Cash,18.23,202.67629495073447
100220,Wallet,39.66,259.1228494755442
100221,Card,35.16,395.94681097483954
100222,Card,1.32,190.83993281872296
100223,Cash,22.49,334.96528735170114
100224,Cash,41.46,63.04145473861822
100225,Wallet,36.88,25.373879449303068
100226,Cash,20.59,122.15642597571713
100227,Cash,36.76,125.08921354189332
100228,Cash,27.56,-0.6859338119062279
100229,Wallet,45.63,352.5629374278807
100230,Wallet,29.36,92.07596735385853
100231,Card,20.04,205.3576223341235
100232,Wallet,43.15,2.986962622422297
100233,Cash,2.49,96.99276517648163
100234,Card,45.03,275.5035600878764
100235,Wallet,34.82,192.56497930661263
100236,Wallet,47.03,343.71853188699595
100237,Cash,12.53,433.729227139906
100238,Cash,34.75,100.74953323024499
100239,Wallet,40.47,76.76723985656905
100240,Card,35.11,273.56322761930926
100241,Cash,10.52,507.88122371230565
100242,Wallet,13.78,240.86099036660076
100243,Wallet,28.34,323.2462469903153
100244,Cash,22.34,259.72031775743164
100245,Card,36.76,126.56065047785305
100246,Card,18.93,171.9205600467359
100247,Card,42.97,216.82753351064989
100248,Cash,21.6,265.7395608516818
100249,Cash,2.0,31.77385610660904
100250,Cash,0.87,125.05379938160503
100251,Card,32.34,59.20834473010923
100252,Card,27.03,121.61653306846299
100253,Cash,27.14,327.6467277095654
100254,Cash,39.5,5.139936898916595
100255,Cash,18.79,121.74412767270653
100256,Card,49.77,123.3112210471277
100257,Wallet,47.28,212.5496514895684
100258,Wallet,0.65,262.75866242330176
100259,Card,44.79,44.21342395125691
100260,Cash,34.03,57.31914084545805
100261,Cash,25.1,79.3831059612599
100262,Cash,29.14,151.09634076027703
100263,Cash,42.09,84.6022252503265
100264,Card,47.55,265.8936653765152
100265,Wallet,28.02,200.31097690340343
100266,Wallet,9.06,39.79535320265606
100267,Card,31.99,281.5219699657482
100268,Cash,3.81,120.48557884812519
100269,Wallet,31.76,192.52023540148454
100270,Card,40.43,100.73854680690815
100271,Cash,17.67,294.95856449480084
100272,Wallet,3.56,249.6907908205631
100273,Card,34.61,305.15074028452915
100274,Wallet,16.97,137.00519224599836
100275,Wallet,12.45,107.51841624598448
100276,Card,34.46,214.07714365378197
100277,Card,48.48,341.0627707136853
100278,Wallet,37.27,318.5389019131688
100279,Wallet,24.57,31.12817113151435
100280,Card,30.03,39.671758509965244
100281,Cash,7.11,188.11108756973292
100282,Cash,40.66,42.187395073863314
100283,Cash,30.21,149.9944621633112
100284,Cash,48.29,44.25120296179916
100285,Card,48.97,267.6442486193721
100286,Cash,17.73,323.18252801493844
100287,Wallet,49.43,388.1661006093337
100288,Cash,47.84,120.29120990230788
100289,Card,31.99,266.01690431794725
100290,Cash,16.67,303.3885531257197
100291,Cash,37.67,40.59987322804788
100292,Card,13.56,340.37343278781583
100293,Cash,31.49,143.4467680004488
100294,Card,1.23,80.45739879789137
100295,Cash,31.43,152.76866190524254
100296,Card,47.58,4.3105498732371
100297,Cash,11.76,311.3355088061499
100298,Wallet,38.91,116.65534217538007
100299,Wallet,14.67,131.5729087669465
100300,Card,35.39,37.490704321299134
100301,Card,35.0,355.92410095765064
100302,Card,9.24,161.23997880137682
100303,Wallet,29.86,184.60136143321574
100304,Card,42.96,260.08866824607867
100305,Cash,19.13,183.70168960308135
100306,Card,35.51,39.23614444107961
100307,Card,33.72,229.96303727024392
100308,Cash,12.88,71.19431399340509
100309,Cash,45.93,31.16167069417461
100310,Wallet,28.18,328.4409558758103
100311,Cash,17.76,77.81999603886423
100312,Cash,8.22,171.45711911462462
100313,Card,23.67,192.78065603806317
100314,Wallet,36.51,185.4565420981161
100315,Cash,31.18,284.9658257233489
100316,Wallet,36.35,176.16391097976089
100317,Cash,39.59,305.5661333055474
100318,Wallet,22.05,218.22447068253516
100319,Cash,26.01,95.48846966545553
100320,Card,49.32,128.1263443004293
100321,Wallet,48.4,160.35894503254278
100322,Wallet,20.74,151.89285864742038
100323,Cash,34.26,375.95607339078185
100324,Wallet,13.38,304.7407417781941
100325,Cash,7.63,104.33962905254751
100326,Wallet,38.42,-16.232712456260323
100327,Wallet,21.81,30.737125288473106
100328,Card,8.85,94.85321915794992
100329,Card,37.94,47.16071678240475
100330,Wallet,45.76,141.32492973461535
100331,Card,46.66,326.76973076420904
100332,Wallet,29.82,347.0475084602962
100333,Cash,23.98,84.97444070800309
100334,Wallet,7.09,198.50811570546537
100335,Wallet,39.64,220.4483023121287
100336,Card,47.27,335.8550780334758
100337,Card,44.47,387.4993121772669
100338,Cash,37.59,329.3025349101573
100339,Cash,0.23,183.48264730619078
100340,Cash,20.39,201.69801904335878
100341,Wallet,20.54,40.36102797452582
100342,Cash,44.72,152.61834639359435
100343,Cash,3.28,123.81415542439711
100344,Card,26.56,133.7702276095589
100345,Card,6.81,196.55997542028484
100346,Cash,33.11,61.373298191938076
100347,Cash,39.61,16.569228482568164
100348,Wallet,32.1,0.813793827675724
100349,Wallet,39.73,-6.493623817795111
100350,Card,30.37,7.053031118036156
100351,Cash,9.49,43.984490894633886
100352,Cash,19.13,131.83601524549064
100353,Cash,47.84,72.06194510064934
100354,Cash,14.41,322.77410365727496
100355,Cash,3.14,156.24227263897595
100356,Wallet,19.24,68.19299853297456
100357,Wallet,18.32,210.12282472485236
100358,Cash,23.52,404.82760310881855
100359,Wallet,28.02,205.49774428809957
100360,Wallet,49.62,74.92020333137026
100361,Cash,37.81,151.81513485451222
100362,Wallet,1.79,253.2364753763042
100363,Cash,35.64,228.23063107928573
100364,Wallet,41.21,307.57726293331905
100365,Cash,44.78,234.47400191941622
100366,Cash,21.2,326.89996926111013
100367,Wallet,15.68,239.2722806095576
100368,Wallet,41.97,193.06237856536748
100369,Card,38.88,310.0751239335837
100370,Cash,26.8,362.8952304612793
100371,Cash,5.89,31.436814047218284
100372,Cash,32.59,441.0090379518874
100373,Cash,3.28,119.35502102787365
100374,Wallet,5.02,226.99668153988455
100375,Wallet,16.56,263.44512275312974
100376,Card,18.56,89.45953164029412
100377,Cash,23.1,204.98800709404458
100378,Card,16.96,55.28582405558736
100379,Card,1.69,155.68795477924462
100380,Card,7.87,91.87024174434735
100381,Card,5.76,201.3153964367674
100382,Card,21.56,106.30905608008456
100383,Wallet,10.61,459.31317399151135
100384,Wallet,14.68,445.7747739180942
100385,Card,23.58,66.35877660395144
100386,Wallet,11.78,367.22105861846785
100387,Wallet,12.3,41.76560010074017
100388,Card,41.66,-2.1752933122606493
100389,Wallet,27.4,29.56811284730191
100390,Wallet,42.84,366.3123394513101
100391,Cash,25.73,420.3455663076224
100392,Card,45.46,78.58399168329873
100393,Cash,12.74,91.07691725039585
100394,Cash,30.83,69.36974760177358
100395,Card,25.16,213.18132254431973
100396,Cash,45.93,178.41376499887377
100397,Cash,20.92,61.646148544524536
100398,Wallet,42.74,223.8684096868596
100399,Cash,28.2,87.45199096217925
100400,Card,35.43,418.6033451265101
100401,Wallet,44.34,198.97268064079304
100402,Wallet,49.85,122.71303838185781
100403,Wallet,36.56,378.29252583841816
100404,Card,15.73,304.0644455293731
100405,Card,14.95,87.17898793298122
100406,Card,15.46,124.2643072171062
100407,Cash,4.9,302.33186129728335
100408,Cash,2.68,68.62444509018515
100409,Wallet,29.04,4.608071869737628
100410,Wallet,40.53,172.16584550736164
100411,Card,1.81,277.2974377413531
100412,Card,28.33,271.60997454525886
100413,Cash,18.59,438.15278584084996
100414,Cash,44.62,178.42850994014742
100415,Card,7.27,73.69488860185896
100416,Card,28.17,225.64421420063104
100417,Cash,48.55,260.6423357488964
100418,Wallet,17.25,54.950976323692814
100419,Wallet,37.09,35.0638825667985
100420,Cash,44.12,-19.149654378658575
100421,Cash,9.31,267.9381291493415
100422,Wallet,49.63,316.5181244680748
100423,Cash,40.47,290.516216762249
100424,Wallet,6.88,490.8449227622563
100425,Wallet,15.54,33.01194595033764
100426,Cash,31.25,363.5754914392187
100427,Card,44.25,296.8795727699277
100428,Card,9.74,177.77046310703707
100429,Card,36.56,438.4214731944048
100430,Card,13.53,155.86061008952632
100431,Card,40.27,280.04311266878165
100432,Card,34.17,386.8966583113607
100433,Card,26.15,252.28216213334056
100434,Cash,32.49,173.14581683267582
100435,Cash,43.82,47.73949961815314
100436,Card,19.32,152.1268348189896
100437,Cash,38.46,168.42498332970868
100438,Wallet,7.95,260.91864501892
100439,Card,35.06,339.84514194429767
100440,Wallet,37.53,294.3790265702962
100441,Cash,22.15,8.415247242867704
100442,Card,39.68,247.0093387090011
100443,Wallet,27.86,379.127528410237
100444,Cash,46.81,257.10827021204824
100445,Card,5.62,78.58772557062426
100446,Card,6.54,36.76227890594032
100447,Wallet,42.12,-15.07434600398398
100448,Wallet,42.12,168.53018945149356
100449,Wallet,23.56,234.557769846197
100450,Cash,48.2,429.3291891823127
100451,Wallet,33.97,184.95993306778962
100452,Wallet,49.14,84.60771022016137
100453,Wallet,26.62,252.09541671131996
100454,Card,10.08,385.87996462328596
100455,Wallet,22.22,321.1107488424851
100456,Wallet,49.02,270.87382046477984
100457,Cash,18.52,175.66150289079138
100458,Cash,47.85,169.9586834646339
100459,Wallet,39.85,225.01264993246835
100460,Cash,22.11,153.32872579002333
100461,Cash,27.09,91.40330140477609
100462,Cash,30.37,40.96244585975765
100463,Card,33.29,-10.444554527248073
100464,Wallet,3.83,273.41995963685093
100465,Wallet,46.68,7.510210469364466
100466,Wallet,29.85,71.03090678734213
100467,Cash,46.56,127.50897213567126
100468,Cash,31.59,147.97195980313222
100469,Cash,21.55,174.2457161273834
100470,Card,28.35,240.90609992095526
100471,Cash,41.48,12.079721342844316
100472,Card,16.31,62.68522970693593
100473,Wallet,47.82,138.76632570940413
100474,Cash,23.3,163.79057403379673
100475,Card,47.81,92.91860349918139
100476,Card,44.04,18.695798150382032
100477,Cash,38.38,314.8811460998273
100478,Card,23.37,348.3243285703086
100479,Cash,29.35,55.854819019302504
100480,Card,41.9,23.974473376475224
100481,Wallet,27.2,378.8232437404415
100482,Wallet,36.91,248.78056801515973
100483,Wallet,39.53,174.77956083677145
100484,Cash,25.65,333.62127198707975
100485,Wallet,26.81,372.6067466112272
100486,Wallet,9.89,286.53988079861097
100487,Wallet,12.24,233.6905725927484
100488,Cash,45.25,117.33098143102202
100489,Card,42.02,-9.608842518641076
100490,Cash,0.51,316.5771794991477
100491,Cash,43.47,194.77357602811054
100492,Wallet,1.26,129.1862419510921
100493,Card,22.91,284.88417008779055
100494,Wallet,3.37,403.831845427256
100495,Wallet,48.44,380.64056429457906
100496,Cash,48.62,240.15863684800473
100497,Cash,30.54,342.05859427828676
100498,Cash,19.61,106.40012097503941
100499,Wallet,25.6,266.1102161344418
100500,Card,38.11,362.6471226743267
100501,Card,11.16,135.1233305299799
100502,Wallet,22.09,33.176910578660255
100503,Card,36.86,298.5821250310406
100504,Wallet,19.77,118.10549403558296
100505,Card,1.6,410.14536008215526
100506,Wallet,25.37,0.3074497027404952
100507,Card,36.87,-10.685323766707619
100508,Cash,48.84,162.60968684211042
100509,Cash,1.85,147.22469696165172
100510,Cash,27.0,248.7651691795706
100511,Cash,22.5,212.1140033496988
100512,Wallet,12.12,59.70973357395798
100513,Card,31.89,67.88469449203502
100514,Wallet,8.18,189.78413195812294
100515,Cash,14.19,88.19590829003765
100516,Card,39.09,379.45538039004884
100517,Wallet,23.02,183.85104135673438
100518,Cash,49.68,27.532884843119128
100519,Card,19.32,217.89751363106694
100520,Card,23.16,47.27069383581549
100521,Cash,15.01,53.43082036829569
100522,Cash,11.81,94.99198504540166
100523,Card,46.11,367.5243497596349
100524,Cash,37.44,303.401285065426
100525,Wallet,16.67,340.84029684962877
100526,Cash,35.01,99.83481688925102
100527,Cash,48.29,106.85535092537435
100528,Cash,3.7,184.5038511325294
100529,Card,13.23,347.19728251628135
100530,Card,10.03,422.9705198835252
100531,Cash,43.49,21.272346183633495
100532,Card,8.96,38.58059702258009
100533,Cash,15.4,244.42581296505236
100534,Wallet,27.19,287.18792676511174
100535,Card,31.05,293.7070300177987
100536,Cash,40.41,179.56278139814057
100537,Card,20.37,479.20614682006527
100538,Wallet,26.71,140.14510828904213
100539,Wallet,48.27,364.567478218168
100540,Cash,14.87,357.15043412305926
100541,Card,12.4,369.41538512361825
100542,Wallet,35.53,99.80548507231546
100543,Card,38.56,74.33847385206082
100544,Cash,20.74,247.4970780063603
100545,Wallet,10.65,212.17984570800087
100546,Wallet,38.95,249.56832098374764
100547,Card,33.52,38.128156447568635
100548,Wallet,43.81,67.75113904475083
100549,Cash,42.22,193.3611970399662
100550,Cash,10.26,50.838331982518945
100551,Wallet,41.62,103.88227451589302
100552,Cash,8.76,164.6288690418406
100553,Wallet,43.19,253.97336331396644
100554,Wallet,38.52,40.55082941020941
100555,Wallet,28.49,294.2261604400928
100556,Wallet,32.11,119.89322354310947
100557,Card,5.2,414.1840844400006
100558,Wallet,1.99,213.31630485100288
100559,Cash,16.53,105.89067694847307
100560,Card,41.07,50.357725704443375
100561,Cash,23.29,6.173384550323316
100562,Wallet,11.17,217.3067968890909
100563,Cash,41.73,27.444670387292255
100564,Card,11.43,180.0230377759579
100565,Cash,40.77,235.80536138472567
100566,Card,22.65,95.6150250153583
100567,Wallet,23.17,53.11346905549219
100568,Wallet,13.64,251.2017257066147
100569,Cash,45.01,376.955710494652
100570,Cash,4.44,75.31436928048161
100571,Wallet,7.22,75.91297247708283
100572,Wallet,31.79,293.7280667273615
100573,Cash,42.51,5.454027335843968
100574,Wallet,4.77,472.4690556883255
100575,Card,36.69,-1.15665178790848
100576,Card,37.13,347.8956970679304
100577,Cash,29.08,145.34792047135272
100578,Cash,24.34,261.7295126869073
100579,Wallet,16.05,101.50044142439313
100580,Wallet,17.57,199.73859261873986
100581,Card,33.72,31.34082895930051
100582,Cash,3.26,89.12196044634466
100583,Cash,29.25,295.42985789414615
100584,Cash,13.94,213.62106922817242
100585,Cash,23.33,321.6711344186969
100586,Card,27.95,203.44254284392053
100587,Card,44.28,253.0146440116752
100588,Cash,28.95,155.3918054740569
100589,Card,11.36,453.6609414800593
100590,Cash,3.97,291.41947329758534
100591,Card,31.35,137.47877618073196
100592,Wallet,27.25,404.8459429986757
100593,Card,33.59,403.7843062877081
100594,Cash,22.97,107.95057594912049
100595,Wallet,41.26,200.2020194694014
100596,Cash,46.01,12.156833482085467
100597,Wallet,2.0,266.9360044691363
100598,Wallet,37.2,44.90609218307725
100599,Card,1.76,40.8525380056131
100600,Card,22.25,140.95354172524242
100601,Wallet,23.08,277.7204984730789
100602,Wallet,34.81,292.13130865863366
100603,Wallet,17.62,398.57282341911326
100604,Cash,41.05,148.43009596032744
100605,Card,17.14,32.594933549289905
100606,Cash,17.13,379.7757431340308
100607,Card,11.14,206.6410446834646
100608,Cash,34.19,179.6197334015018
100609,Card,3.83,136.35401043287678
100610,Wallet,18.15,149.81505750719379
100611,Wallet,13.34,143.59138460284672
100612,Card,11.47,362.0517392538488
100613,Wallet,3.05,181.90394590524005
100614,Wallet,9.52,269.94269600134476
100615,Cash,22.31,169.73151085879036
100616,Card,25.19,111.37244725144382
100617,Wallet,13.48,385.2303054472502
100618,Card,32.51,218.0723454956066
100619,Cash,16.79,88.60124463941898
100620,Card,18.36,305.8911526558477
100621,Cash,39.13,150.18780881858845
100622,Cash,27.6,384.9364949253371
100623,Cash,47.66,189.00216872390962
100624,Wallet,17.97,313.11725927761825
100625,Cash,41.39,21.486313313489696
100626,Card,36.92,178.7048875286523
100627,Card,44.51,456.04694337000024
100628,Wallet,47.84,202.95935679414183
100629,Wallet,0.38,66.92556684073983
100630,Cash,4.41,163.71382082823388
100631,Cash,33.72,102.04463974706562
100632,Cash,19.51,315.1364755228343
100633,Wallet,40.96,258.69035069928407
100634,Wallet,0.6,249.72689492897243
100635,Card,40.35,132.27211474555972
100636,Cash,6.76,269.2330883046546
100637,Cash,14.51,154.57859321183457
100638,Card,48.45,26.154826593467334
100639,Card,2.58,269.06996972553213
100640,Card,17.45,481.1763740155152
100641,Card,4.23,317.9034739069845
100642,Cash,42.68,210.0522446298345
100643,Wallet,35.15,244.79198933873332
100644,Cash,40.02,354.10396011243614
100645,Card,26.36,168.00276899596855
100646,Wallet,17.89,95.65234427823823
100647,Cash,0.11,293.86980582858695
100648,Card,13.9,267.0767815640643
100649,Wallet,25.73,93.078886763936
100650,Wallet,33.22,195.77516772107137
100651,Wallet,11.45,145.68217272150937
100652,Cash,6.95,96.31999875542266
100653,Card,10.08,478.8382581380728
100654,Cash,17.7,212.99174445580027
100655,Cash,7.42,444.2224093462952
100656,Cash,7.84,80.04588562503922
100657,Wallet,2.19,237.5064786536918
100658,Card,42.84,-12.513355099041487
100659,Cash,10.99,364.499794482762
100660,Card,41.1,263.17072201948395
100661,Wallet,21.92,297.9086860731561
100662,Cash,31.62,13.960867276378341
100663,Card,3.79,120.16142766769177
100664,Wallet,29.18,14.605922589033845
100665,Cash,14.5,89.34250465881534
100666,Cash,4.76,301.3397819790952
100667,Card,45.41,190.16633899632717
100668,Card,30.18,304.13109695336516
100669,Cash,12.09,174.38708703676863
100670,Cash,20.98,137.28188137499743
100671,Wallet,17.85,102.37287724457215
100672,Wallet,35.03,59.5991785630698
100673,Cash,30.37,385.4215600075976
100674,Card,0.99,323.92504459675206
100675,Card,9.89,78.43857811114246
100676,Cash,23.91,95.26952625071657
100677,Wallet,22.27,272.2055582389161
100678,Cash,25.83,216.18666096848688
100679,Card,35.74,235.091401140787
100680,Cash,34.1,183.1464583485052
100681,Cash,18.64,107.92315020087287
100682,Wallet,43.88,433.3021053971079
100683,Card,3.15,373.1448733768813
100684,Card,29.23,91.56824263467848
100685,Cash,47.48,393.10159768684144
100686,Card,27.45,215.75327486739945
100687,Card,22.76,149.96684936388974
100688,Card,6.7,164.5295625919436
100689,Card,40.51,58.49799649087756
100690,Wallet,18.69,48.464959130803095
100691,Wallet,35.06,216.0020040937416
100692,Wallet,9.88,110.63796423112063
100693,Wallet,2.09,283.6273264740113
100694,Wallet,15.27,329.2209591507034
100695,Card,14.07,33.1381147586191
100696,Cash,43.67,164.6246865736157
100697,Cash,43.23,347.75050936995086
100698,Wallet,26.69,317.1513336023443
100699,Card,0.95,387.8038703609771
100700,Wallet,11.42,162.61870556575357
100701,Cash,31.95,191.04974774849464
100702,Card,5.07,274.9616318002941
100703,Card,35.03,356.47123882314963
100704,Card,0.6,169.00106024147695
100705,Cash,34.13,258.82497746271906
100706,Cash,42.23,114.69237281556568
100707,Wallet,23.46,446.79765495213263
100708,Wallet,41.45,204.3323044966724
100709,Cash,39.08,197.00844623544617
100710,Wallet,33.57,160.04863821139267
100711,Cash,22.26,89.84692719036765
100712,Card,13.6,87.92896352750705
100713,Wallet,43.04,39.0718157106052
100714,Cash,32.43,49.0490918959571
100715,Cash,39.9,149.1406518957512
100716,Cash,27.6,206.78519267063265
100717,Wallet,8.59,253.11084846067487
100718,Wallet,48.97,25.627004829134506
100719,Card,9.14,279.60004891893203
100720,Wallet,45.56,234.65542979753388
100721,Wallet,10.41,296.8208640253743
100722,Wallet,18.69,217.1424357954416
100723,Card,22.0,71.62248517597061
100724,Card,46.07,181.33053172435214
100725,Card,44.41,179.24541199542907
100726,Wallet,41.16,-9.2703100525503
100727,Cash,18.83,9.080701562241785
100728,Wallet,0.22,66.04123891806195
100729,Card,34.08,71.68035093008254
100730,Wallet,20.55,161.19992875852648
100731,Wallet,37.85,195.23952604314763
100732,Cash,39.74,38.11149686875995
100733,Cash,21.99,308.01111802392
100734,Wallet,37.41,250.46740795929318
100735,Card,42.0,70.11726699896901
100736,Wallet,46.42,-21.748177023724725
100737,Wallet,29.12,40.203468031387644
100738,Wallet,38.92,98.43957966991128
100739,Card,24.73,45.501277166114406
100740,Card,2.08,125.60495455757473
100741,Card,7.76,280.3111952441073
100742,Card,6.41,242.43993615426947
100743,Card,8.59,138.97707318528225
100744,Wallet,0.51,192.98615833904154
100745,Card,42.94,208.22141755725096
100746,Wallet,28.01,305.7279283586288
100747,Wallet,19.16,263.0250871338654
100748,Wallet,20.49,174.51340825497192
100749,Cash,23.17,110.80251693361292
100750,Card,3.69,130.63380183908035
100751,Card,13.73,275.25301127234036
100752,Wallet,42.58,-5.988095014071263
100753,Cash,37.18,327.63843681315274
100754,Card,28.17,326.39395102551254
100755,Wallet,24.04,278.2166209833981
100756,Cash,12.95,40.31532302507979
100757,Wallet,23.56,219.00479998081076
100758,Cash,29.89,179.3836720180762
100759,Wallet,35.63,26.044326120948384
100760,Card,8.33,102.88480919326213
100761,Wallet,40.66,257.4449545002933
100762,Wallet,17.29,280.042835313922
100763,Cash,25.16,211.14666794120328
100764,Cash,30.4,11.360757744214574
100765,Card,24.4,220.40706933074148
100766,Wallet,28.6,257.0650174081463
100767,Cash,5.58,213.25202059359464
100768,Card,21.61,185.61979606184246
100769,Card,14.02,141.0706679026141
100770,Cash,4.3,245.651866826198
100771,Cash,9.58,93.22204016564105
100772,Wallet,30.12,328.33020535986714
100773,Card,9.83,188.0417334927368
100774,Cash,9.05,132.57149527709538
100775,Card,27.64,226.0267084002919
100776,Wallet,45.24,260.9310472355152
100777,Cash,39.43,68.62739153979504
100778,Card,45.25,121.25473433421189
100779,Cash,29.15,331.1420096445553
100780,Wallet,20.5,152.13590334731478
100781,Wallet,36.48,325.2368241111749
100782,Wallet,13.07,79.89200965745559
100783,Wallet,3.9,242.95294805116765
100784,Cash,17.23,35.57722132164494
100785,Cash,14.96,26.149835423486536
100786,Card,33.78,394.587550818737
100787,Card,27.57,287.1305343289033
100788,Cash,6.91,181.03847597807294
100789,Cash,45.43,95.67495771955299
100790,Card,29.67,265.29418483104143
100791,Cash,22.88,232.46321943868242
100792,Wallet,46.86,367.51333179617654
100793,Wallet,4.87,495.2948626153711
100794,Wallet,39.48,280.71452239097573
100795,Card,18.23,216.90957629188827
100796,Cash,34.77,202.37967573383276
100797,Card,46.54,212.6597766265572
100798,Card,25.89,23.803361572662062
100799,Cash,1.13,189.46503087040173
100800,Card,1.44,57.583200725769025
100801,Wallet,16.53,33.14845347146086
100802,Cash,39.08,44.08647955024688
100803,Wallet,14.41,238.31978188876317
100804,Wallet,16.72,373.52815697139704
100805,Cash,39.22,212.07743227127216
100806,Wallet,5.81,163.34457016316023
100807,Wallet,42.34,12.46399624983799
100808,Wallet,13.29,200.3911721638235
100809,Cash,2.56,94.05594344850826
100810,Cash,5.87,306.4945295849098
100811,Cash,47.63,265.2226799881001
100812,Card,22.57,52.850991924765474
100813,Wallet,12.82,96.59766308432728
100814,Card,26.06,186.54059372528195
100815,Card,34.12,459.47408541521764
100816,Wallet,15.94,225.86059924670056
100817,Cash,36.26,392.87999615688096
100818,Card,12.61,105.21705648113947
100819,Cash,5.62,300.70160788566653
100820,Cash,27.49,37.04132775197458
100821,Wallet,7.56,28.88626205035143
100822,Card,47.02,366.22632731673
100823,Card,0.02,390.62938073805634
100824,Cash,37.78,8.608770549565314
100825,Wallet,13.97,39.40345166982257
100826,Card,42.3,0.3174408012946017
100827,Cash,3.01,75.93552607159513
100828,Cash,47.65,56.758282368647905
100829,Cash,5.07,407.8167928648411
100830,Wallet,39.39,291.7835227412472
100831,Wallet,25.87,321.1053520664647
100832,Cash,21.52,255.89856031515276
100833,Cash,14.01,233.86217549447812
100834,Wallet,42.07,315.72817333349496
100835,Cash,9.99,279.65838802144583
100836,Cash,36.06,122.2308091921009
100837,Wallet,22.29,283.72227913787316
100838,Cash,49.92,144.5454796225036
100839,Cash,30.57,398.787493224632
100840,Cash,5.21,408.6168613163886
100841,Wallet,20.98,182.05555922510985
100842,Wallet,3.31,247.9305911132415
100843,Wallet,14.28,47.42073388961185
100844,Card,17.17,357.53336389973737
100845,Card,42.66,147.08272440420612
100846,Card,41.9,-9.966759225154213
100847,Card,0.58,171.15138597047326
100848,Wallet,26.61,177.03585114272465
100849,Cash,11.18,82.10404998858539
100850,Wallet,16.0,450.42471666231194
100851,Card,1.08,41.38087870443463
100852,Wallet,37.49,423.4840064432232
100853,Cash,47.53,320.79673969129965
100854,Card,10.96,131.24411516209926
100855,Cash,17.09,182.13763562238566
100856,Cash,10.32,292.4807939157367
100857,Cash,46.5,234.48435007063745
100858,Card,0.47,260.6195150705178
100859,Wallet,29.19,131.0176061442687
100860,Card,43.54,162.90976024632266
100861,Card,9.32,320.3270534036425
100862,Wallet,29.5,100.04366702145765
100863,Wallet,2.53,170.29870874840816
100864,Wallet,40.73,91.62141844071127
100865,Wallet,13.72,377.52069272113164
100866,Cash,49.44,271.7174793680866
100867,Card,46.1,97.25378597893837
100868,Card,36.63,36.87358980534487
100869,Card,24.84,13.789039066722804
100870,Wallet,38.33,119.01316442061965
100871,Card,6.53,176.11203952472042
100872,Cash,15.51,497.50054022559425
100873,Card,1.34,192.59804810859214
100874,Card,32.25,85.13280852134037
100875,Cash,40.28,268.755112867767
100876,Cash,47.31,123.58584362176273
100877,Card,34.33,257.7419297779801
100878,Wallet,36.6,37.22806945142322
100879,Wallet,44.77,174.8738367181862
100880,Card,46.82,402.55010438611396
100881,Card,24.56,194.20515854716183
100882,Card,5.49,114.4121772845874
100883,Card,23.32,316.14803307171826
100884,Wallet,27.8,317.41795595586865
100885,Card,31.58,87.86913398059374
100886,Cash,49.46,221.6058781401628
100887,Wallet,45.88,369.0771080552805
100888,Wallet,19.82,59.37066054238324
100889,Cash,5.67,363.697795539439
100890,Card,10.74,324.30396312788304
100891,Card,8.69,215.3878769496011
100892,Card,17.8,177.16794459326084
100893,Card,43.82,95.55319415778325
100894,Card,21.9,272.870297260614
100895,Cash,28.36,107.20340333862832
100896,Card,8.96,229.09273300399207
100897,Cash,24.64,62.23482492175913
100898,Cash,43.68,-17.704107047873443
100899,Cash,38.67,270.53897136396364
100900,Card,4.06,196.06585324112177
100901,Card,43.1,251.27324062574357
100902,Wallet,13.69,63.79828441388118
100903,Wallet,33.29,161.25900950297282
100904,Cash,7.32,92.03865349441142
100905,Wallet,33.73,214.69373303814874
100906,Cash,1.79,387.5732591423045
100907,Wallet,30.03,29.6868990654225
100908,Card,32.3,310.91216412442674
100909,Card,12.22,110.72867821063667
100910,Cash,46.85,251.98843301343786
100911,Cash,2.3,342.326516284537
100912,Card,44.59,236.80785858616358
100913,Card,19.09,423.18818473422505
100914,Card,35.7,114.29112190986551
100915,Wallet,32.58,45.518175967197834
100916,Wallet,8.41,88.70309457168649
100917,Wallet,15.95,185.82218991861902
100918,Wallet,26.48,297.6814624017818
100919,Cash,42.33,54.47799283368647
100920,Cash,47.74,295.6410360126015
100921,Wallet,1.03,113.69818895702234
100922,Cash,17.63,143.410470624377
100923,Wallet,33.41,177.04829785037134
100924,Wallet,26.39,177.387119542255
100925,Card,47.15,364.5142289389299
100926,Wallet,0.85,79.99785570824878
100927,Cash,21.89,387.9902811734884
100928,Wallet,33.44,22.532341442042366
100929,Card,10.88,115.64586818364977
100930,Cash,36.29,283.24291869430357
100931,Card,4.06,275.46331167151675
100932,Wallet,22.55,83.9914081310183
100933,Wallet,33.81,110.78206704863945
100934,Wallet,13.34,178.7996595211433
100935,Wallet,3.69,104.90774932373363
100936,Cash,47.85,286.74165606705634
100937,Wallet,45.69,360.5981946899588
100938,Card,46.32,33.99293227762218
100939,Cash,48.93,189.13517146175656
100940,Cash,9.23,395.1945993473505
100941,Cash,7.89,181.75564169756797
100942,Card,1.71,226.3519416652644
100943,Card,44.59,2.0587623034653717
100944,Card,37.64,202.4172409118582
100945,Card,31.66,49.973344540962856
100946,Wallet,46.38,274.57485323225757
100947,Wallet,28.75,164.97442115269786
100948,Card,6.49,125.81350398457339
100949,Card,8.84,346.87364934147
100950,Wallet,6.61,52.442407604700406
100951,Wallet,15.38,121.51296349281648
100952,Card,18.97,149.8636732086024
100953,Cash,39.84,117.89851876491679
100954,Cash,9.56,296.83982817004994
100955,Card,36.27,299.5109298102407
100956,Cash,24.56,20.028826499802133
100957,Wallet,49.98,313.4717892990373
100958,Cash,38.83,169.88642794078999
100959,Card,48.45,290.9281740703207
100960,Cash,17.12,138.754245996394
100961,Cash,6.15,199.5411303410596
100962,Cash,25.29,169.13936996420279
100963,Wallet,6.21,199.84840035156068
100964,Wallet,24.62,162.38075712908122
100965,Wallet,13.5,94.64785408792488
100966,Card,24.55,311.2074930247794
100967,Cash,47.48,161.14008642176807
100968,Wallet,14.45,415.44660588385494
100969,Wallet,49.67,64.79552878339547
100970,Cash,11.47,219.75591438135643
100971,Card,10.41,434.6996429311754
100972,Cash,27.24,309.87795205904575
100973,Card,42.1,272.78723398004155
100974,Cash,37.48,290.9382521270183
100975,Wallet,36.18,129.7903710568981
100976,Wallet,14.13,249.06908482816402
100977,Wallet,1.13,94.22660468654414
100978,Card,8.09,167.21441225280347
100979,Cash,17.47,112.90772089947339
100980,Card,48.58,190.22633784452609
100981,Wallet,45.99,180.74411624163042
100982,Card,10.03,209.09585314671625
100983,Card,36.28,91.13677336807748
100984,Card,28.95,304.15046654822527
100985,Cash,2.49,67.06101535017879
100986,Card,18.59,35.08624390909347
100987,Card,24.3,103.24160617343585
100988,Card,33.38,348.7410410349271
100989,Wallet,14.75,320.0155596381236
100990,Wallet,46.69,300.32227572539233
100991,Cash,22.59,350.17375507812443
100992,Wallet,12.43,118.7113276232491
100993,Cash,15.82,351.3501205121782
100994,Wallet,37.59,37.49797426857617
100995,Cash,32.01,52.165119448467614
100996,Cash,37.11,34.40666401947645
100997,Cash,14.62,184.81609084835898
100998,Wallet,16.34,261.57078362715293
100999,Card,19.84,147.07477649016067
101000,Wallet,9.43,293.7284651261214
101001,Card,34.55,156.17110924717548
101002,Wallet,16.47,65.27359028303795
101003,Card,16.31,221.99913072803812
101004,Wallet,13.47,252.68660070172896
101005,Cash,22.64,416.798627502139
101006,Cash,38.6,129.91969201819052
101007,Cash,41.78,226.95129055580006
101008,Card,40.23,60.9476200172869
101009,Card,31.06,280.25991598949366
101010,Cash,14.02,502.8153187497578
101011,Card,36.74,17.82516446700388
101012,Cash,1.97,378.0097672158886
101013,Wallet,39.91,201.98483760202902
101014,Card,39.01,108.33028586808226
101015,Card,33.5,455.6492139593966
101016,Wallet,4.9,265.79202058176776
101017,Card,49.87,96.47721865195533
101018,Card,37.82,85.5977179115886
101019,Card,36.74,61.99791051912502
101020,Wallet,3.2,298.1491024494696
101021,Cash,19.94,184.87832196168105
101022,Cash,4.31,327.699112134815
101023,Wallet,18.05,115.9060189156482
101024,Wallet,28.52,60.02343650622723
101025,Wallet,43.94,-9.405105252572952
101026,Cash,14.15,224.81915191410022
101027,Wallet,31.17,383.91827536383846
101028,Cash,8.23,320.43595534893643
101029,Wallet,17.7,119.88851723152429
101030,Card,47.36,385.82862361874055
101031,Cash,37.38,322.7047458312423
101032,Cash,27.29,9.879825982447677
101033,Wallet,12.58,336.22565631788467
101034,Card,18.99,154.39064511610312
101035,Cash,7.83,65.88868511607595
101036,Wallet,17.67,89.57078571773371
101037,Card,7.53,231.85466740144994
101038,Cash,39.77,150.59907242148347
101039,Wallet,4.04,163.98457941486885
101040,Card,9.47,76.4483252058699
101041,Cash,34.56,263.4912460518788
101042,Cash,45.13,450.16920745427876
101043,Card,48.23,272.390446604467
101044,Wallet,41.8,100.79320544201174
101045,Wallet,10.57,100.1421488840559
101046,Card,14.29,83.51769898737922
101047,Cash,43.54,43.292161228095814
101048,Card,44.47,145.6051585295895
101049,Card,32.03,282.6025695762097
101050,Card,15.68,329.0859519200656
101051,Cash,11.2,229.3000760127757
101052,Card,42.61,112.17842286370556
101053,Card,10.26,152.94195526437903
101054,Cash,33.09,206.8849915214634
101055,Cash,48.4,93.53752975953802
101056,Card,35.26,68.75649427290992
101057,Wallet,12.88,177.3691200189764
101058,Card,14.13,128.15389394614698
101059,Cash,4.64,58.04309088193706
101060,Cash,34.31,363.55011581148665
101061,Cash,25.92,379.99571525755675
101062,Wallet,10.32,109.09298022861006
101063,Cash,11.38,49.36726588897524
101064,Wallet,0.45,283.2082000499435
101065,Cash,48.92,82.62622198236276
101066,Cash,41.4,148.8459698785595
101067,Card,19.71,41.72736014365427
101068,Wallet,47.3,70.26975800463227
101069,Card,33.86,247.78654146544545
101070,Wallet,37.57,307.37922266394094
101071,Cash,34.0,65.7100323309304
101072,Cash,37.84,135.79616758117157
101073,Wallet,8.55,69.60429180294058
101074,Card,28.12,38.26505183078724
101075,Wallet,42.47,406.77749562710005
101076,Wallet,0.98,307.14993492388317
101077,Wallet,6.17,193.61046472032373
101078,Cash,12.28,395.1511089491689
101079,Wallet,14.74,401.55663505456295
101080,Cash,9.14,382.113050468764
101081,Card,31.22,-0.5275290957974939
101082,Cash,14.7,86.78479874960469
101083,Card,7.9,216.41509134073883
101084,Card,45.29,130.4728942086281
101085,Card,34.75,292.5279957844273
101086,Cash,12.3,279.71025824959025
101087,Wallet,18.05,409.7766178314364
101088,Cash,37.04,61.718228923419396
101089,Card,39.55,320.4140685920991
101090,Wallet,8.82,173.42140448315334
101091,Cash,46.83,274.35244048255083
101092,Card,39.26,63.06193879793329
101093,Card,42.84,142.83964932048048
101094,Wallet,7.19,241.47249887904005
101095,Cash,7.17,153.68235043070058
101096,Wallet,15.27,222.37114126415796
101097,Wallet,3.23,382.9687571917835
101098,Wallet,4.55,225.41026388121443
101099,Wallet,7.16,256.49600009376354
101100,Cash,35.62,0.1674092908551401
101101,Wallet,1.51,391.7915060021296
101102,Card,4.16,213.8906808623422
101103,Card,47.21,164.84902538284624
101104,Card,4.18,23.52149204390557
101105,Wallet,26.87,206.81613690412746
101106,Card,32.13,4.944504304368877
101107,Cash,47.93,-12.930260230610749
101108,Wallet,44.99,201.26363417092048
101109,Wallet,22.03,96.37966205589173
101110,Wallet,47.11,37.25035189408767
101111,Cash,21.61,304.28312001332927
101112,Wallet,33.5,18.759219055476592
101113,Wallet,12.98,110.40331255811999
101114,Card,31.83,43.99105856228793
101115,Card,26.91,173.5162575600745
101116,Wallet,30.34,233.79862300279783
101117,Cash,34.13,221.7774987470257
101118,Card,8.67,126.87605972136897
101119,Wallet,15.06,63.504547267443854
101120,Card,36.81,5.568288637154325
101121,Card,8.19,187.76316647918708
101122,Cash,17.21,390.1251852364685
101123,Wallet,33.32,103.21818397310932
101124,Card,46.88,79.75846729870366
101125,Wallet,3.77,64.08480632016378
101126,Cash,25.83,230.83902834889687
101127,Cash,4.1,248.73309925980178
101128,Card,18.96,189.44436998733704
101129,Cash,8.77,332.4860399449069
101130,Card,32.47,129.89109085584548
101131,Wallet,37.89,43.491274680927646
101132,Card,12.37,111.90749347560369
101133,Card,35.64,251.96144995499213
101134,Cash,22.34,188.5584737835883
101135,Wallet,14.18,272.351059167742
101136,Wallet,26.17,326.72216497830965
101137,Card,18.98,207.69148056929993
101138,Wallet,11.5,324.0232010871313
101139,Wallet,37.84,230.82200251557313
101140,Card,39.88,215.19998800410426
101141,Card,40.02,73.40695757900534
101142,Wallet,19.11,230.20251833097063
101143,Card,8.48,451.2973951861286
101144,Cash,42.02,167.8210210837637
101145,Wallet,16.46,325.3271192273252
101146,Card,37.4,272.6279248417708
101147,Wallet,40.87,21.278423060271166
101148,Wallet,38.41,272.22584904639564
101149,Cash,19.49,77.91266430237523
101150,Cash,46.9,271.24513462399574
101151,Wallet,33.01,243.95741811549175
101152,Cash,28.79,47.79366821970368
101153,Card,34.9,41.02809630269872
101154,Wallet,2.24,186.7415335040744
101155,Cash,19.53,102.48971689728346
101156,Wallet,44.06,5.5885965434843
101157,Wallet,8.05,275.373671385919
101158,Card,20.72,142.33878042651855
101159,Card,20.26,60.4851373945784
101160,Card,17.8,335.7096923982951
101161,Cash,28.12,415.0233547799656
101162,Cash,49.81,256.29889172120323
101163,Cash,12.79,258.6891961262721
101164,Card,35.25,71.56880093695169
101165,Wallet,37.9,88.07104078908179
101166,Card,29.22,81.57551859782745
101167,Cash,4.87,247.87560352166278
101168,Cash,28.62,468.98956878576934
101169,Cash,47.67,213.5590575256237
101170,Card,17.1,289.4303359477723
101171,Cash,31.98,245.36631520142012
101172,Card,47.97,132.44372890263702
101173,Wallet,39.9,145.2172850297907
101174,Card,34.42,30.31568349950156
101175,Cash,48.56,-8.600264944262186
101176,Wallet,8.53,304.491937823857
101177,Cash,38.64,181.6732378771738
101178,Wallet,20.34,157.53703704978832
101179,Cash,18.02,233.59062872332765
101180,Card,26.03,136.2930352939166
101181,Cash,1.69,153.50796656213234
101182,Card,15.63,182.29998251773944
101183,Card,8.31,209.96357168988317
101184,Wallet,6.93,309.03347726763343
101185,Card,16.87,179.89842489718646
101186,Card,40.11,288.0234924640313
101187,Card,10.06,301.22267575286156
101188,Wallet,26.57,248.88200949816996
101189,Cash,37.43,405.6163344835266
101190,Cash,12.05,145.8189649649268
101191,Card,46.21,-5.859060394901711
101192,Card,43.32,85.54595041979073
101193,Cash,12.56,146.87176816691098
101194,Card,49.48,377.226328636948
101195,Cash,33.46,208.47030148554455
101196,Wallet,14.31,29.032276697795744
101197,Card,34.05,44.81695707020924
101198,Card,33.31,71.2601179547621
101199,Cash,30.31,298.3808230779644
101200,Cash,35.58,352.5003404044081
101201,Wallet,13.42,419.42256927705995
101202,Card,48.95,357.7382576786108
101203,Cash,42.89,58.985900836228566
101204,Wallet,37.29,131.57547270738135
101205,Cash,1.32,134.26433488751002
101206,Cash,29.52,139.4743517363553
101207,Wallet,35.32,258.9698652254869
101208,Wallet,42.7,264.0155428263243
101209,Wallet,47.31,256.7196512484075
101210,Wallet,45.79,154.24705288792757
101211,Wallet,20.3,20.920915298544205
101212,Wallet,44.83,12.374381893258843
101213,Card,0.04,197.51751898402708
101214,Wallet,17.57,342.4781543539717
101215,Card,5.69,91.94971618379202
101216,Cash,44.15,209.16087625362087
101217,Cash,46.4,275.8855727412957
101218,Wallet,12.8,196.78837621513756
101219,Cash,18.37,376.4474421470362
101220,Wallet,49.19,164.8571983107062
101221,Wallet,28.3,329.8048694830552
101222,Card,24.85,233.82631861543044
101223,Cash,25.02,288.6773380262022
101224,Wallet,34.81,130.8449371430244
101225,Cash,47.73,116.66262015820848
101226,Card,18.33,89.30713765386977
101227,Cash,8.63,107.47809775419469
101228,Card,9.25,360.8974795443179
101229,Card,1.02,328.67489304981876
101230,Card,27.77,150.1396863839417
101231,Wallet,46.46,50.405497208058655
101232,Wallet,35.65,82.05238309507462
101233,Cash,49.65,162.98482531339926
101234,Wallet,45.48,89.63189924132618
101235,Wallet,24.59,89.42251566115138
101236,Cash,24.33,263.15386183133603
101237,Card,31.42,-8.93812628211484
101238,Card,5.55,232.4087141343217
101239,Cash,30.38,272.7177693549651
101240,Wallet,23.2,71.4936447044382
101241,Cash,32.14,200.51102056107885
101242,Cash,28.26,222.23884296214823
101243,Wallet,15.52,247.90051577426559
101244,Cash,30.39,128.72912607527292
101245,Wallet,18.3,143.24925561172864
101246,Wallet,9.73,376.17988715470375
101247,Cash,33.75,308.49134468621196
101248,Card,15.32,160.98978317445824
101249,Wallet,44.45,20.893503340327158
101250,Card,9.97,45.8806156697428
101251,Wallet,30.01,44.59198754189262
101252,Card,28.58,213.3861408705634
101253,Cash,9.89,42.611263227409594
101254,Wallet,21.99,129.69888323600367
101255,Cash,33.78,269.3301352699515
101256,Cash,15.93,144.8537919638395
101257,Cash,5.69,258.76765312700013
101258,Wallet,30.76,256.14135278517404
101259,Cash,11.21,92.51987363134367
101260,Cash,34.07,250.26047041855628
101261,Wallet,41.97,227.06598818807444
101262,Cash,6.17,182.04351409892683
101263,Wallet,21.88,104.41162005510733
101264,Cash,22.25,241.6833261216288
101265,Card,31.63,322.36845110842324
101266,Cash,16.72,329.8524905797185
101267,Card,20.93,77.93472890940757
101268,Wallet,0.6,273.8650078016819
101269,Card,6.12,220.96096253657726
101270,Wallet,28.49,258.7084625598556
101271,Cash,10.79,341.58738699063844
101272,Card,7.23,181.12456091972632
101273,Cash,16.22,318.8883211705512
101274,Card,8.18,357.64365800192
101275,Wallet,2.98,261.8770787996853
101276,Wallet,14.19,79.893070480592
101277,Wallet,8.22,357.78137614302733
101278,Wallet,39.97,420.1884606024379
101279,Cash,3.13,67.7337647815582
101280,Cash,37.37,187.1058926794365
101281,Cash,19.14,81.80016249307941
101282,Cash,33.77,317.1125486796878
101283,Cash,2.63,341.2426450857265
101284,Wallet,46.04,15.268402658969883
101285,Cash,38.37,361.8475599546946
101286,Cash,7.01,85.54784366307838
101287,Cash,10.94,254.89527020240604
101288,Wallet,32.2,162.40973779452992
101289,Wallet,46.08,82.23556609442885
101290,Wallet,22.29,62.18152540155619
101291,Wallet,24.28,62.03303615491602
101292,Cash,11.89,307.2592316699997
101293,Cash,19.15,256.2012626744348
101294,Card,14.3,64.57571480073183
101295,Cash,17.53,34.94798079246072
101296,Wallet,1.03,67.24032171399045
101297,Wallet,2.05,343.598825888507
101298,Cash,34.03,190.9968612845316
101299,Card,34.09,24.66413814854542
101300,Wallet,16.51,186.8452921156063
101301,Card,44.27,18.55741607741085
101302,Wallet,13.31,355.2333872473008
101303,Wallet,19.79,340.4868697739682
101304,Cash,36.57,322.89670854411503
101305,Wallet,37.18,333.8690586469459
101306,Card,43.06,218.10879939806216
101307,Card,1.45,429.46471944362605
101308,Cash,9.19,294.40609564797785
101309,Wallet,32.03,127.77706901486263
101310,Card,16.91,92.51447108402051
101311,Cash,2.18,117.19233788537274
101312,Card,29.32,282.919973430889
101313,Cash,19.65,52.62201700995269
101314,Card,18.2,78.9540482532336
101315,Wallet,13.22,198.63872015625844
101316,Card,0.3,95.1321945477985
101317,Card,9.12,176.75141505337237
101318,Cash,23.71,343.03608439192016
101319,Cash,13.79,239.21822469851188
101320,Cash,43.72,187.75186359774312
101321,Card,7.15,186.617521762235
101322,Cash,43.77,136.91826137483798
101323,Wallet,20.24,90.70346833478318
101324,Cash,13.79,420.9817969998507
101325,Cash,15.21,104.800260878769
101326,Wallet,16.5,46.424140503144486
101327,Cash,25.33,210.30299346749996
101328,Cash,17.69,55.107513965171336
101329,Card,32.36,115.8324336442525
101330,Card,21.26,18.16186683497609
101331,Cash,33.58,57.212340314592694
101332,Wallet,30.22,69.21665704664109
101333,Cash,12.22,33.33217537165121
101334,Cash,40.64,181.24583455852968
101335,Cash,39.95,363.4215332164758
101336,Card,49.45,109.1458065219319
101337,Wallet,8.75,402.230327276282
101338,Wallet,42.39,68.11178368857337
101339,Wallet,43.6,129.20441526705622
101340,Card,32.11,72.41505804176248
101341,Card,25.32,302.3516401584201
101342,Cash,47.86,144.9630196960623
101343,Card,48.63,216.75047827153713
101344,Cash,32.08,247.58716361644628
101345,Card,17.98,276.09965816619615
101346,Cash,40.86,222.18542970326428
101347,Card,4.46,304.30640842338715
101348,Wallet,14.53,122.95607760367693
101349,Cash,49.28,82.81196648402747
101350,Card,40.72,263.57462666561025
101351,Card,46.98,224.70690883038085
101352,Cash,29.74,57.99217747841324
101353,Card,20.38,111.75874026847112
101354,Wallet,48.98,208.87177541046432
101355,Cash,15.47,201.62403834446744
101356,Cash,37.87,76.17125672651883
101357,Cash,27.91,327.60218124525056
101358,Cash,11.43,355.1534718049048
101359,Cash,0.87,210.28179312914347
101360,Wallet,19.19,222.94097447047406
101361,Cash,27.38,269.12771486292723
101362,Wallet,9.16,64.1014704459078
101363,Wallet,20.73,78.77540034129319
101364,Wallet,30.76,270.0166979303249
101365,Cash,35.75,217.0442068639252
101366,Wallet,2.64,37.551902525709586
101367,Cash,33.21,362.61913391394813
101368,Wallet,2.83,177.80485970470423
101369,Cash,1.41,170.86874911819322
101370,Card,7.62,105.85324234759315
101371,Card,32.68,76.56987883830126
101372,Wallet,2.64,299.1995265464721
101373,Card,1.04,414.11259661956706
101374,Wallet,5.9,202.78785619341983
101375,Wallet,47.49,430.20960319750014
101376,Wallet,45.36,362.326248681191
101377,Card,4.32,220.81343180860773
101378,Wallet,15.2,254.4223720481167
101379,Card,47.36,147.9558166624724
101380,Card,4.88,273.2236131640156
101381,Cash,4.73,55.2953614804897
101382,Card,4.3,227.43483591848832
101383,Cash,48.82,-3.975251548931304
101384,Wallet,37.16,356.4633572639592
101385,Wallet,10.72,321.53844430831316
101386,Cash,2.3,105.6283591114952
101387,Wallet,48.26,96.45921770149022
101388,Cash,21.27,203.52027510189532
101389,Cash,29.92,297.30267146476564
101390,Wallet,13.96,123.56232991157123
101391,Cash,37.92,176.93370508487618
101392,Cash,9.84,106.18875191289379
101393,Cash,39.35,-2.6192617423797415
101394,Wallet,11.53,17.987548864725817
101395,Wallet,4.9,63.26796692104468
101396,Wallet,23.94,255.07917262160908
101397,Wallet,40.66,399.3569482595618
101398,Wallet,19.24,197.9539072586276
101399,Card,1.44,193.95134980038506
101400,Card,27.67,49.3241791689649
101401,Cash,34.02,269.5851239921691
101402,Card,37.03,40.58032006381586
101403,Wallet,20.1,280.198959729825
101404,Wallet,4.85,372.0977012902488
101405,Wallet,29.22,90.08664484300076
101406,Cash,16.48,352.48357840635464
101407,Cash,47.34,-7.418267297289219
101408,Cash,25.14,180.32368671715489
101409,Cash,23.61,63.31510742907146
101410,Cash,15.46,154.72951635421285
101411,Cash,16.94,63.877775276610265
101412,Card,25.64,136.2118764656388
101413,Wallet,15.33,199.58591206349087
101414,Card,44.62,110.44654436243039
101415,Cash,21.95,209.0264760496983
101416,Wallet,14.6,273.25270060434167
101417,Wallet,7.77,192.14564199969573
101418,Wallet,33.62,54.077223980024264
101419,Card,1.29,130.4113070119325
101420,Wallet,22.5,381.86757257644837
101421,Cash,27.51,228.450015388605
101422,Cash,16.99,139.61910056300908
101423,Card,37.49,32.91164397491779
101424,Card,33.78,136.23643615138565
101425,Cash,48.57,68.3830226428961
101426,Card,25.44,378.9909224854574
101427,Wallet,26.89,341.8559320109565
101428,Card,12.29,37.722859248755
101429,Wallet,19.27,153.66964542460457
101430,Wallet,1.34,92.3316547285512
101431,Wallet,34.46,200.2086079026336
101432,Wallet,15.58,343.3545523984613
101433,Wallet,27.02,249.93543176676084
101434,Cash,12.75,173.16371016018545
101435,Cash,31.05,77.15062204519755
101436,Cash,22.38,350.94385064827947
101437,Wallet,24.09,198.87106872129726
101438,Card,47.13,181.83092683297238
101439,Card,35.31,61.99650550335535
101440,Wallet,13.09,171.4016906434536
101441,Card,25.2,281.7346472313899
101442,Wallet,23.33,238.29382317235144
101443,Card,39.75,102.35874428627864
101444,Wallet,41.67,234.0380599933415
101445,Card,14.17,278.37613716481843
101446,Card,41.06,130.67958672136166
101447,Cash,8.98,86.61386962756468
101448,Card,38.14,196.1548885744134
101449,Card,12.44,293.5775795018277
101450,Wallet,14.9,360.7570348967889
101451,Card,42.62,232.644266911768
101452,Card,21.0,188.4533155971287
101453,Card,49.53,10.19926089189616
101454,Card,7.6,455.422083256346
101455,Card,23.17,159.45510129773544
101456,Cash,36.62,226.84548217754974
101457,Card,0.27,340.95842399159034
101458,Wallet,7.59,219.23652408282456
101459,Wallet,1.02,107.41698784978439
101460,Card,49.64,185.26482890128597
101461,Card,38.03,236.1123835727403
101462,Card,18.68,240.24510119549626
101463,Cash,7.81,233.30648356511196
101464,Wallet,4.52,70.20143653459549
101465,Cash,26.6,21.68623818621247
101466,Cash,48.79,104.62621821483825
101467,Card,33.73,101.76635500064597
101468,Card,18.26,375.4311043035528
101469,Wallet,25.04,370.6275781541876
101470,Card,49.95,274.02231697796896
101471,Wallet,25.94,149.45370079690844
101472,Cash,48.21,63.194490808505655
101473,Wallet,0.82,397.2046568285361
101474,Wallet,36.05,158.68707608306238
101475,Wallet,31.36,23.891471172413205
101476,Cash,34.27,203.51087172514124
101477,Cash,28.53,283.2043470972384
101478,Card,2.21,354.4360745944696
101479,Card,7.48,15.810884508916299
101480,Wallet,46.11,252.58647981971524
101481,Wallet,11.65,90.97979550490062
101482,Cash,49.65,-13.075947979185486
101483,Cash,33.98,242.72849227919542
101484,Cash,22.22,375.436533726751
101485,Wallet,46.0,145.072846284843
101486,Wallet,39.75,224.81561188474967
101487,Cash,21.45,252.27944418430917
101488,Wallet,3.43,407.0408365105981
101489,Cash,43.42,414.17169336087954
101490,Card,38.25,166.11345674049818
101491,Cash,39.54,385.5574483371762
101492,Wallet,37.24,268.0401928916988
101493,Wallet,13.79,75.56905802336883
101494,Wallet,42.94,315.97959603886704
101495,Wallet,0.11,165.07677817013348
101496,Cash,11.86,149.77412432563483
101497,Cash,2.33,200.31326766945935
101498,Card,5.53,40.56161653126871
101499,Cash,26.62,216.47556162127654
101500,Card,1.86,354.9077183059988
101501,Cash,9.07,93.69577215695935
101502,Cash,11.64,140.2178691112556
101503,Wallet,32.77,302.21831244847857
101504,Card,23.44,127.07504521252687
101505,Wallet,22.92,170.39713546859645
101506,Wallet,38.42,119.5250434997569
101507,Cash,22.84,216.41606612039024
101508,Cash,17.42,230.219896107752
101509,Card,48.12,237.46794114959687
101510,Card,0.41,216.49955492215682
101511,Cash,15.27,318.80663092973714
101512,Card,30.47,189.76848161850327
101513,Cash,39.14,126.70455762122027
101514,Cash,40.82,238.6176373032436
101515,Cash,2.3,269.00250756742116
101516,Card,35.46,214.61994917817802
101517,Wallet,36.01,17.76603678038616
101518,Card,10.7,58.25334314035351
101519,Wallet,5.64,129.0304989087395
101520,Card,37.48,66.01163637301565
101521,Wallet,12.48,225.28312703095597
101522,Wallet,0.08,35.713615074073694
101523,Card,11.18,370.8770145816314
101524,Card,1.55,155.02022123466642
101525,Wallet,12.46,99.94251521210435
101526,Cash,16.75,203.79437510918203
101527,Wallet,13.57,101.98529092517444
101528,Wallet,46.0,251.11692984325396
101529,Cash,11.63,57.62926315257747
101530,Wallet,23.38,201.62067848875293
101531,Cash,47.87,384.5909850002088
101532,Cash,43.96,149.6645315436408
101533,Card,15.46,102.88384202856034
101534,Wallet,16.32,206.96974691725399
101535,Wallet,29.67,297.6692513025799
101536,Cash,45.89,442.98385339413386
101537,Wallet,0.5,281.07888004237896
101538,Cash,19.66,147.98632042247306
101539,Wallet,42.49,384.6894083923745
101540,Wallet,20.52,1.0418720576783862
101541,Cash,36.0,2.5069353036252764
101542,Cash,34.6,330.5593425107002
101543,Wallet,10.27,76.4050169533898
101544,Wallet,22.48,22.104895931709397
101545,Cash,28.31,99.58450804009335
101546,Card,35.77,152.59086407157562
101547,Card,41.12,328.0124006173847
101548,Wallet,38.0,206.82197601394245
101549,Wallet,1.42,102.49954481231366
101550,Wallet,33.53,246.3925622966398
101551,Cash,24.87,445.458500630759
101552,Wallet,28.69,224.90699948156012
101553,Wallet,18.65,155.56632934738363
101554,Wallet,35.7,283.7115687088262
101555,Card,33.69,189.21207491305094
101556,Wallet,28.97,16.10715922285609
101557,Wallet,43.08,-7.260119602984318
101558,Cash,5.1,103.39366562228702
101559,Card,15.05,328.03549723150485
101560,Cash,24.76,99.20518483362935
101561,Wallet,47.93,202.35917899816658
101562,Wallet,3.6,57.092554920322065
101563,Wallet,16.85,406.57157815793596
101564,Wallet,46.29,157.36277656537294
101565,Wallet,44.9,375.34067814898395
101566,Cash,43.26,403.92088543399893
101567,Wallet,15.42,21.722267998360742
101568,Wallet,42.34,120.44576689756437
101569,Card,25.27,16.00188194231647
101570,Card,30.99,418.50586614970103
101571,Wallet,11.94,271.50750856736863
101572,Wallet,35.33,12.157305658634748
101573,Wallet,16.38,53.61969519429371
101574,Wallet,17.19,175.23701569243022
101575,Wallet,31.84,303.9221457460841
101576,Wallet,11.99,298.38589455166897
101577,Cash,11.22,302.5874148477303
101578,Cash,18.46,134.80137303788496
101579,Cash,38.9,3.696448716260768
101580,Card,11.23,397.7801456847461
101581,Wallet,39.37,-6.211794787772192
101582,Card,34.78,356.1885010106063
101583,Card,33.95,116.83960108103825
101584,Card,23.74,1.7783031077869822
101585,Cash,37.29,183.2741588779626
101586,Wallet,0.68,337.22149873453395
101587,Wallet,15.28,401.8673251199596
101588,Card,33.96,69.3631280804027
101589,Cash,49.36,30.42704742421769
101590,Card,0.13,192.79470686998036
101591,Card,25.5,284.39440564972847
101592,Wallet,46.19,232.76320577397354
101593,Cash,43.18,77.80189530708833
101594,Wallet,1.16,442.0541247386152
101595,Card,26.48,221.0393266439359
101596,Wallet,0.21,312.84279604940565
101597,Card,39.48,198.96287279723612
101598,Cash,15.44,128.63275616437735
101599,Wallet,38.28,281.23236808449485
101600,Wallet,47.24,159.89649421064743
101601,Wallet,48.8,366.6980202403288
101602,Wallet,44.71,352.89779658267867
101603,Wallet,10.21,200.44639649489392
101604,Cash,9.73,251.8628793559894
101605,Cash,31.29,-3.616879686097171
101606,Wallet,27.2,15.953945340152874
101607,Card,0.48,87.95674331104927
101608,Card,19.59,82.2062403332816
101609,Wallet,45.33,113.19095458496456
101610,Wallet,44.92,66.28580282400543
101611,Cash,10.2,136.3229164095974
101612,Cash,19.1,143.81380122216675
101613,Wallet,28.02,28.453210393817105
101614,Wallet,42.64,-1.8078533720657504
101615,Card,26.6,310.31599229093655
101616,Cash,48.41,238.6533405774487
101617,Wallet,39.95,126.34989397180682
101618,Cash,47.65,230.41518080391037
101619,Wallet,36.57,335.50837089345094
101620,Wallet,43.88,150.63361068704913
101621,Wallet,41.55,223.03123621127884
101622,Wallet,12.69,315.63272763620097
101623,Card,11.48,336.89195244685436
101624,Wallet,43.22,137.86682801306273
101625,Card,4.23,316.0625078884664
101626,Card,20.43,89.03014754830835
101627,Wallet,41.03,153.7583249300528
101628,Cash,40.66,273.7115625216943
101629,Cash,6.94,270.78027356588757
101630,Wallet,24.39,367.7864354241999
101631,Wallet,23.99,196.21899419690038
101632,Wallet,16.19,296.47655679127035
101633,Cash,45.86,208.28835899768075
101634,Cash,32.66,12.005322372643242
101635,Wallet,49.01,254.09598579569808
101636,Cash,3.34,100.54648587147675
101637,Card,19.72,14.509691009951027
101638,Cash,41.76,284.2049531067319
101639,Cash,21.13,139.1898435581138
101640,Wallet,13.09,401.02148417161084
101641,Card,49.89,125.95998124127824
101642,Wallet,43.66,84.26299654438552
101643,Cash,27.32,266.78480958342027
101644,Card,28.09,97.44668823815697
101645,Wallet,0.34,208.91684354696727
101646,Cash,49.05,191.67216604782607
101647,Card,40.31,246.86161861351877
101648,Wallet,1.84,459.27373086374485
101649,Card,8.82,229.23826802573168
101650,Cash,41.05,153.76149912406595
101651,Wallet,4.34,436.9088171720475
101652,Cash,47.09,48.064595417563424
101653,Card,49.99,135.79818385349495
101654,Cash,44.32,340.14969999066477
101655,Card,36.95,213.26637369497155
101656,Wallet,24.36,332.23098206591686
101657,Cash,4.12,265.66578470098153
101658,Wallet,36.52,221.79740851077352
101659,Wallet,19.84,476.57971653713605
101660,Wallet,28.51,107.18795918792027
101661,Wallet,14.67,76.9430793030697
101662,Cash,12.11,254.89384725452305
101663,Cash,16.21,225.70951671452067
101664,Wallet,40.69,54.775197679587066
101665,Wallet,21.32,12.727434510098263
101666,Card,15.59,123.10230396217577
101667,Wallet,21.65,444.10120001406955
101668,Card,1.61,256.69331407412346
101669,Card,44.53,91.16553168134263
101670,Wallet,27.59,75.10431717571274
101671,Cash,5.24,132.23227610629849
101672,Card,14.42,91.60280705167628
101673,Cash,49.18,24.56880630122074
101674,Wallet,29.65,433.8118078692654
101675,Wallet,14.57,460.65003562402103
101676,Wallet,21.32,53.628409764615974
101677,Wallet,12.92,43.40417744795063
101678,Card,1.59,164.90843287782215
101679,Card,42.1,181.95568871301393
101680,Cash,14.62,111.09286053056712
101681,Cash,41.92,107.410424617494
101682,Card,23.93,78.90210084527467
101683,Wallet,9.14,340.7274478797101
101684,Cash,40.09,228.58358854944177
101685,Card,18.86,206.0282843967712
101686,Cash,35.39,152.38740880626102
101687,Card,41.86,280.90107161315416
101688,Wallet,48.15,260.71544714770096
101689,Card,4.29,64.3385127969113
101690,Cash,0.42,119.57413900652416
101691,Card,27.42,185.19345744842167
101692,Cash,13.21,58.11903519703218
101693,Cash,23.46,158.7525628800924
101694,Cash,3.63,246.0739732706966
101695,Wallet,25.08,191.86314186143778
101696,Wallet,6.24,161.30104110918427
101697,Card,41.93,175.75853102562866
101698,Card,37.97,458.8929426825214
101699,Cash,3.7,128.38375462003444
101700,Wallet,41.82,290.9466565503683
101701,Card,16.25,38.17525153433187
101702,Card,17.64,33.96259398089937
101703,Wallet,8.99,235.855560459584
101704,Cash,41.77,35.12453055428296
101705,Card,20.24,19.639267425042338
101706,Cash,2.44,110.98460837587902
101707,Wallet,48.31,225.62764179285733
101708,Wallet,12.79,366.6157362641819
101709,Card,46.81,49.8116582003249
101710,Card,15.06,321.58784914400553
101711,Wallet,41.57,66.57905431583936
101712,Cash,33.21,258.04594014418046
101713,Cash,43.06,125.42860465650963
101714,Wallet,48.81,273.7978728964052
101715,Card,43.57,456.66921020474484
101716,Wallet,20.18,308.74134641928333
101717,Card,40.73,-9.5846002898444
101718,Cash,35.58,311.23910064965787
101719,Card,3.08,64.16741805358669
101720,Cash,46.49,343.3069386853947
101721,Wallet,23.3,92.652772904423
101722,Card,6.72,156.65193880237953
101723,Cash,21.27,46.69127293172862
101724,Card,30.16,24.173245265526166
101725,Cash,28.65,295.8835017330684
101726,Cash,28.74,454.29024113285897
101727,Wallet,12.79,300.0244693319871
101728,Wallet,31.64,199.94643560956462
101729,Card,45.37,361.92289827327386
101730,Cash,19.43,123.22063004401232
101731,Wallet,31.53,5.037766154477872
101732,Card,12.2,8.591828577667595
101733,Wallet,2.41,130.97420570729923
101734,Card,29.29,113.37815798905302
101735,Wallet,2.38,35.626983064711844
101736,Wallet,36.18,46.29520553549225
101737,Cash,33.52,52.40525996826339
101738,Cash,18.47,379.1427975112987
101739,Wallet,20.56,73.3934655399925
101740,Cash,45.89,220.17995696463748
101741,Wallet,0.66,192.39889350349176
101742,Card,28.17,259.2978497760096
101743,Wallet,46.17,9.769091259019334
101744,Wallet,45.7,108.82284085481764
101745,Card,29.23,21.792634438416687
101746,Card,19.06,128.28242748782785
101747,Cash,4.95,121.1522266158732
101748,Card,8.69,233.38592656400337
101749,Cash,33.98,189.27165264338163
101750,Wallet,0.83,286.96796417559125
101751,Card,44.17,159.6916449471251
101752,Wallet,29.4,166.33230496560654
101753,Cash,2.26,354.0161989303908
101754,Card,11.99,120.3707521391339
101755,Cash,29.71,201.49618180309128
101756,Cash,1.78,276.9178355582237
101757,Card,39.0,146.79726312729744
101758,Card,46.0,63.129119902681154
101759,Cash,48.06,184.10747430284002
101760,Card,36.68,22.9013877849196
101761,Cash,42.84,-3.3323674394036615
101762,Wallet,30.54,20.789747717443035
101763,Wallet,22.93,88.55678592802249
101764,Card,35.66,226.347545442729
101765,Card,11.21,322.97108757401776
101766,Wallet,5.49,116.90205951865208
101767,Cash,38.09,291.8315683902207
101768,Cash,47.91,373.6047026556827
101769,Cash,28.87,262.15533223357784
101770,Card,24.13,323.77655215100793
101771,Cash,26.72,153.92817076614722
101772,Card,23.92,44.30121072886094
101773,Card,22.11,208.34153382123503
101774,Card,47.35,230.28466385439023
101775,Wallet,23.99,349.6624402940674
101776,Cash,4.06,502.48341450651054
101777,Card,38.28,172.3826442439697
101778,Cash,19.58,124.9248874718928
101779,Wallet,35.53,84.37566792948377
101780,Cash,28.98,-6.789627357396956
101781,Wallet,35.66,143.5721986682619
101782,Card,3.1,183.35266403471863
101783,Card,1.69,408.0254493255078
101784,Wallet,18.93,143.55243748547161
101785,Card,34.66,420.69077690786264
101786,Cash,11.18,250.88867575027052
101787,Cash,21.67,234.30043837265004
101788,Wallet,49.04,31.116007187196338
101789,Cash,10.74,285.0021036253117
101790,Card,42.4,264.47477641126153
101791,Card,41.27,60.77349064902747
101792,Card,44.57,55.39526361523449
101793,Cash,45.76,242.13086655588285
101794,Card,25.37,17.90080149498664
101795,Cash,34.1,209.9767515205395
101796,Wallet,30.94,135.09821782183954
101797,Card,15.45,319.10299216644006
101798,Wallet,13.99,279.3574463791072
101799,Cash,17.08,184.58658052382577
101800,Cash,10.92,162.41365428284172
101801,Wallet,37.87,260.09581515325306
101802,Card,48.23,342.60097009838466
101803,Card,43.39,419.37644610742547
101804,Card,10.9,202.11028294339803
101805,Wallet,2.6,97.85823167575187
101806,Cash,37.85,123.11465034789094
101807,Wallet,19.51,278.2877909099232
101808,Cash,41.23,43.442689470873866
101809,Card,38.96,67.58859159420209
101810,Card,31.27,22.172848322191303
101811,Cash,12.77,159.03527202056964
101812,Card,5.2,398.98021017127076
101813,Wallet,12.63,33.00549175143115
101814,Cash,25.49,250.5196644351097
101815,Card,48.97,308.9644253527406
101816,Card,3.18,135.20394146934035
101817,Card,10.0,289.2614250542497
101818,Card,31.36,412.04767839978757
101819,Cash,15.22,409.365085882424
101820,Cash,42.93,52.70839721724264
101821,Card,6.97,71.44245297042421
101822,Wallet,48.16,22.484810147286893
101823,Wallet,45.62,322.42923430429835
101824,Wallet,44.38,220.76563418406755
101825,Wallet,8.65,315.07576041466797
101826,Cash,16.47,122.11073445272618
101827,Cash,40.2,43.51172021535399
101828,Wallet,40.39,184.66475373853672
101829,Cash,35.26,207.30684220674
101830,Wallet,22.4,295.14493981885806
101831,Card,15.58,223.11397949477544
101832,Card,48.15,93.11479112346825
101833,Wallet,6.96,148.28122681564946
101834,Cash,2.19,121.73514681998877
101835,Wallet,0.46,104.66493360252103
101836,Cash,38.75,21.850598038327405
101837,Card,2.84,156.79965775340114
101838,Cash,26.93,11.32631938110758
101839,Wallet,18.36,71.28239707172884
101840,Card,7.35,339.54261679409495
101841,Card,37.03,92.17325756480133
101842,Cash,2.75,314.6893218120254
101843,Card,15.92,359.72331892230494
101844,Card,28.11,232.17858015346968
101845,Cash,20.12,400.5332254067482
101846,Card,12.96,14.384187691419736
101847,Wallet,46.3,327.5475213053926
101848,Cash,46.55,303.5923563713309
101849,Cash,20.8,361.1807810018752
101850,Cash,19.69,96.51038652967632
101851,Cash,15.37,146.073567667944
101852,Wallet,42.79,62.47889028380292
101853,Cash,28.4,222.92366205501614
101854,Wallet,4.48,224.8531995504027
101855,Cash,42.67,131.21410691836678
101856,Cash,26.74,148.74860139210617
101857,Card,20.78,304.760285513501
101858,Card,16.89,123.48238282098744
101859,Wallet,4.97,421.8621379905048
101860,Card,47.84,216.06157834243757
101861,Cash,37.06,15.873878344429087
101862,Wallet,6.59,274.29542750229797
101863,Card,25.56,89.68304696447908
101864,Cash,27.78,193.45189511745545
101865,Card,8.39,380.6578879750899
101866,Card,21.36,307.0141552623733
101867,Card,32.29,144.67842247337822
101868,Card,14.2,114.74916991404992
101869,Cash,16.58,105.37034966915873
101870,Card,6.1,193.29257618888843
101871,Wallet,20.66,69.89760564164649
101872,Wallet,29.19,209.89839842336528
101873,Card,5.83,17.540679784442
101874,Wallet,30.74,119.43268687660527
101875,Card,19.89,114.73460592691923
101876,Cash,33.91,262.86568769424264
101877,Cash,15.74,321.8212257742923
101878,Wallet,28.42,138.07515001626263
101879,Wallet,30.64,21.209750805769673
101880,Card,34.53,231.3100878980882
101881,Card,37.85,64.02774464908424
101882,Card,6.82,200.8838289782995
101883,Cash,48.26,363.4978490487397
101884,Card,42.18,242.35916416545717
101885,Cash,28.12,302.26725733805773
101886,Wallet,44.52,207.85155010693268
101887,Cash,19.12,415.8294628683646
101888,Wallet,1.71,455.5709726367134
101889,Cash,36.35,133.96655332614924
101890,Cash,47.17,119.89307754245492
101891,Card,8.09,208.90758740213533
101892,Wallet,32.19,43.773847181297725
101893,Cash,40.67,233.13010808578446
101894,Cash,45.25,124.64496935807446
101895,Wallet,13.83,62.21605966332842
101896,Cash,6.44,99.8646719209253
101897,Wallet,12.39,252.0907796017322
101898,Wallet,28.89,276.60262060313306
101899,Wallet,45.94,213.8381809651047
101900,Cash,29.13,215.12113547559466
101901,Cash,45.98,121.98310493273812
101902,Card,38.5,239.05770981871558
101903,Wallet,29.92,193.93894146398674
101904,Cash,1.09,328.58310387024653
101905,Cash,16.65,39.44356334713082
101906,Wallet,2.87,164.49829032160056
101907,Wallet,16.11,113.15589781028233
101908,Wallet,3.12,165.68908657606178
101909,Card,8.39,388.67857779204525
101910,Card,20.53,60.85209555670586
101911,Card,25.74,125.89784944140253
101912,Wallet,10.86,201.68789320274618
101913,Cash,36.63,301.49551007577463
101914,Wallet,29.52,190.03926835128377
101915,Cash,34.59,263.3704548353778
101916,Card,36.64,228.31466039286067
101917,Card,36.35,75.1008734451764
101918,Card,46.81,166.673794064933
101919,Cash,11.86,194.24998277962504
101920,Cash,13.51,370.41893299293884
101921,Wallet,4.71,36.54414954663195
101922,Wallet,29.63,151.67030520041925
101923,Wallet,19.76,294.9309065671348
101924,Card,24.81,266.56182888287134
101925,Wallet,8.49,215.38814822554707
101926,Card,32.45,187.4314881452009
101927,Cash,30.95,71.52060945811192
101928,Card,13.24,146.9876356781161
101929,Card,23.27,172.2592962830203
101930,Card,44.72,386.6510726008363
101931,Cash,38.67,116.6849928338468
101932,Cash,11.35,394.549818486341
101933,Wallet,43.94,226.37560660749273
101934,Wallet,3.37,23.890977963643152
101935,Wallet,20.7,211.6160022275107
101936,Cash,4.01,34.412325203789216
101937,Cash,46.21,357.07159369146365
101938,Cash,2.04,383.14861938489673
101939,Cash,7.56,96.14228895535358
101940,Cash,45.75,114.54087944217511
101941,Card,29.11,132.30058781172448
101942,Wallet,39.76,156.24130554253077
101943,Card,0.82,173.21214863273244
101944,Wallet,20.95,98.93299132628108
101945,Card,49.22,260.82578789377294
101946,Cash,28.99,72.14644020853386
101947,Wallet,42.48,315.9041899573693
101948,Card,48.18,294.69532609698285
101949,Wallet,34.25,129.21452864164428
101950,Cash,16.38,369.72028091818896
101951,Cash,15.43,134.73230091996265
101952,Wallet,3.56,23.188342235400473
101953,Wallet,21.39,210.23233591662364
101954,Cash,45.77,202.7215312480893
101955,Cash,23.9,193.03051830683427
101956,Cash,45.55,359.5564175738779
101957,Card,40.86,367.7047326730656
101958,Wallet,49.21,236.7657510615724
101959,Cash,47.38,259.5909522268079
101960,Wallet,35.32,17.844722366523293
101961,Card,43.56,23.806005723071365
101962,Card,37.4,313.5090506467843
101963,Cash,35.17,184.41746960771036
101964,Wallet,35.78,181.86081537254935
101965,Card,36.05,121.71197629194573
101966,Wallet,18.97,205.7596913338725
101967,Wallet,21.18,51.823274683314786
101968,Cash,14.7,299.53854872309404
101969,Card,7.41,86.4590776615503
101970,Card,22.92,23.578861005419228
101971,Card,45.0,76.20814952761914
101972,Wallet,32.56,56.22909318132831
101973,Card,2.81,336.573861122177
101974,Card,40.56,16.205769069562272
101975,Wallet,46.77,70.44957115282588
101976,Card,41.47,248.88702767262097
101977,Card,36.38,224.8940967892225
101978,Wallet,7.51,47.62004344098183
101979,Card,17.45,13.249208401406534
101980,Cash,28.26,317.14900879698325
101981,Wallet,3.84,322.90054114888466
101982,Card,5.31,136.70885109146676
101983,Cash,46.71,135.51154845873538
101984,Wallet,35.13,76.01939413330982
101985,Card,13.75,147.88521120319822
101986,Wallet,16.37,234.13859336139024
101987,Cash,19.22,278.8728723449184
101988,Wallet,3.75,92.18541221870149
101989,Card,36.96,385.83693158929873
101990,Cash,8.84,68.26739062547388
101991,Wallet,40.26,92.77188669413837
101992,Card,42.29,-7.424114180195666
101993,Card,31.92,34.91868607211228
101994,Cash,38.49,357.7998112949921
101995,Cash,8.59,191.64800607733213
101996,Wallet,28.8,33.6964123156321
101997,Card,33.84,427.0761629364009
101998,Cash,33.08,383.11850157695704
101999,Card,5.86,389.0694266884433
102000,Wallet,17.22,348.23201515258734
102001,Cash,16.25,77.98086862558867
102002,Wallet,28.63,330.60149480606447
102003,Wallet,38.26,192.6478249185706
102004,Cash,28.53,292.17586708266356
102005,Wallet,37.74,243.37878127999755
102006,Card,4.95,146.84846614894386
102007,Cash,43.91,212.64206372039345
102008,Card,26.83,68.80051420559427
102009,Wallet,1.87,165.30069638892266
102010,Cash,32.16,41.01587403261115
102011,Card,25.87,405.641661131771
102012,Card,11.02,140.60238878263573
102013,Card,38.22,141.79254360005538
102014,Card,46.68,111.21286726971283
102015,Card,16.13,300.7254637044163
102016,Wallet,24.7,161.0476945148449
102017,Wallet,6.41,364.9123024809609
102018,Wallet,46.49,252.34730746818178
102019,Wallet,15.94,162.40943411217364
102020,Wallet,9.74,207.2601245201286
102021,Wallet,23.92,307.705117523194
102022,Wallet,2.16,439.03886196214916
102023,Card,12.64,264.679774084113
102024,Wallet,3.38,93.39031809524243
102025,Card,6.37,420.46765285546417
102026,Cash,5.61,189.14239830707237
102027,Wallet,43.62,230.42704726926047
102028,Card,46.52,311.0595167148152
102029,Cash,23.73,79.84137751559958
102030,Cash,31.52,340.2848417035338
102031,Card,34.8,190.06784797724765
102032,Card,19.57,322.1185296059121
102033,Card,18.51,94.27422081210081
102034,Wallet,33.78,135.9412185246065
102035,Cash,18.84,338.10418760492894
102036,Wallet,29.05,9.735281789327328
102037,Wallet,25.76,64.18710207441895
102038,Wallet,26.22,368.27173149003374
102039,Cash,41.47,88.7874682264146
102040,Cash,35.2,443.2851846374635
102041,Cash,48.03,66.1838661412767
102042,Card,39.55,148.10479764967045
102043,Wallet,7.29,303.69505023550283
102044,Card,36.92,216.89127625261364
102045,Card,33.28,232.9769491623828
102046,Wallet,32.3,246.76700192252622
102047,Cash,24.04,401.9778385947799
102048,Wallet,3.12,89.66186850528271
102049,Card,47.57,142.42757810924832
102050,Cash,42.6,43.16723731068034
102051,Cash,24.34,299.42391299007784
102052,Card,7.93,128.13656573116083
102053,Cash,41.22,106.81630778813908
102054,Cash,21.53,133.4405990023576
102055,Wallet,19.51,19.508665040038483
102056,Wallet,33.27,15.830209763177535
102057,Card,37.93,306.7475432182943
102058,Card,3.14,216.18733715897358
102059,Card,38.38,314.37912629594337
102060,Cash,36.7,246.98147496723658
102061,Card,29.46,7.680693776720005
102062,Wallet,16.92,217.34780871789866
102063,Cash,8.24,46.588541686999605
102064,Card,5.13,401.53938060417005
102065,Cash,0.06,478.16367076337735
102066,Cash,10.32,262.3712000823068
102067,Cash,20.57,221.54870018130663
102068,Card,12.18,83.50558024472454
102069,Cash,15.45,129.9338603529426
102070,Cash,19.52,286.4675380128048
102071,Cash,15.41,90.17694363488766
102072,Wallet,36.23,75.1647200485018
102073,Card,24.59,199.39061659840357
102074,Wallet,0.97,259.88150506620923
102075,Cash,11.33,150.98796555756806
102076,Cash,35.48,450.6366065379091
102077,Wallet,15.05,39.86944824868792
102078,Cash,46.01,112.73601274464417
102079,Wallet,35.63,232.33324323727174
102080,Cash,14.5,75.54059914699215
102081,Cash,25.82,252.86031962469656
102082,Cash,33.36,51.38518783498361
102083,Cash,9.67,44.48348519105437
102084,Card,12.31,74.4799399694949
102085,Card,25.36,369.49571495843276
102086,Card,46.24,132.37129200902368
102087,Wallet,17.2,338.598599423778
102088,Wallet,20.11,97.79267297877773
102089,Wallet,9.53,262.45170714206404
102090,Wallet,29.66,210.42431246556995
102091,Card,37.01,290.0331652591019
102092,Wallet,22.03,348.3385048875807
102093,Wallet,37.51,340.5622904136485
102094,Wallet,15.13,37.99390236181703
102095,Cash,35.35,178.46674932267672
102096,Wallet,12.92,204.22932470760125
102097,Cash,39.03,432.7439590577792
102098,Wallet,41.53,72.59586610937664
102099,Wallet,39.89,114.50599485643097
102100,Cash,10.77,125.39077830993604
102101,Wallet,34.71,53.73122938920634
102102,Cash,26.93,61.29184648328748
102103,Wallet,49.3,359.1822785147886
102104,Wallet,18.08,262.7016819528585
102105,Cash,38.56,404.83225754229096
102106,Card,18.5,256.6550367211259
102107,Cash,19.84,96.38488513503887
102108,Card,5.55,285.37942589461363
102109,Cash,11.98,37.189038237490095
102110,Card,8.22,409.30379277848937
102111,Wallet,7.96,178.23325370407744
102112,Card,0.45,137.8738625445497
102113,Wallet,39.69,87.53172382860448
102114,Cash,23.4,183.75159518727816
102115,Card,40.21,107.97933791116395
102116,Wallet,30.63,160.70173340137566
102117,Cash,41.57,316.2346185462527
102118,Card,25.19,322.7554556668571
102119,Wallet,4.7,124.06616632293519
102120,Card,30.84,134.10025968030212
102121,Card,33.89,311.8911390596417
102122,Wallet,31.33,4.214332691084735
102123,Wallet,40.07,271.51052565958713
102124,Cash,36.57,71.2331100970259
102125,Wallet,21.63,254.30031674332662
102126,Wallet,40.96,148.32619221898676
102127,Card,34.59,217.4357861271657
102128,Wallet,6.02,362.015787806515
102129,Card,26.99,24.245186235959142
102130,Card,36.43,163.6740323112726
102131,Wallet,27.66,155.87093398360514
102132,Wallet,47.45,358.2362516394021
102133,Wallet,5.07,75.54872329426212
102134,Wallet,36.12,370.6668090503323
102135,Cash,41.22,92.52929552839629
102136,Card,35.13,79.04653694130954
102137,Cash,19.28,276.41696203132915
102138,Cash,19.27,51.2662820446417
102139,Card,29.33,184.34492204808612
102140,Cash,19.85,19.960239598107705
102141,Wallet,44.16,144.60047658127348
102142,Wallet,5.5,192.96800443590888
102143,Wallet,31.96,265.42157948148656
102144,Wallet,6.71,131.7899522809557
102145,Card,27.01,163.59105295767483
102146,Wallet,35.78,92.84580364971725
102147,Card,8.28,182.85238365247858
102148,Card,35.2,298.5595054060215
102149,Card,7.0,398.19796467434065
102150,Card,31.03,65.2161943326476
102151,Cash,25.28,22.77340315822802
102152,Cash,14.9,345.88964655647897
102153,Wallet,5.58,225.37990526613936
102154,Card,36.79,180.27228426215493
102155,Wallet,19.09,265.51479202030237
102156,Wallet,4.33,164.8163248287769
102157,Wallet,38.64,155.84452698322104
102158,Wallet,11.64,373.06783813112975
102159,Card,36.82,234.41364163799193
102160,Card,28.24,68.43324291180875
